<?xml version="1.0" encoding="UTF-8" standalone="yes"?>
<doc>
  <assembly>
    <name>MyAddin4</name>
  </assembly>
  <members>
    <member name="T:MyAddin4.Connect">
      <summary>The object for implementing an Add-in.</summary>
      <seealso class="IDTExtensibility2"/>
    </member>
    <member name="M:MyAddin4.Connect.#ctor">
      <summary>Implements the constructor for the Add-in object. Place your initialization code within this method.</summary>
    </member>
    <member name="M:MyAddin4.Connect.OnConnection(System.Object,Extensibility.ext_ConnectMode,System.Object,System.Array@)">
      <summary>Implements the OnConnection method of the IDTExtensibility2 interface. Receives notification that the Add-in is being loaded.</summary>
      <param term="application">Root object of the host application.</param>
      <param term="connectMode">Describes how the Add-in is being loaded.</param>
      <param term="addInInst">Object representing this Add-in.</param>
      <seealso class="IDTExtensibility2"/>
    </member>
    <member name="M:MyAddin4.Connect.OnDisconnection(Extensibility.ext_DisconnectMode,System.Array@)">
      <summary>Implements the OnDisconnection method of the IDTExtensibility2 interface. Receives notification that the Add-in is being unloaded.</summary>
      <param term="disconnectMode">Describes how the Add-in is being unloaded.</param>
      <param term="custom">Array of parameters that are host application specific.</param>
      <seealso class="IDTExtensibility2"/>
    </member>
    <member name="M:MyAddin4.Connect.OnAddInsUpdate(System.Array@)">
      <summary>Implements the OnAddInsUpdate method of the IDTExtensibility2 interface. Receives notification when the collection of Add-ins has changed.</summary>
      <param term="custom">Array of parameters that are host application specific.</param>
      <seealso class="IDTExtensibility2"/>
    </member>
    <member name="M:MyAddin4.Connect.OnStartupComplete(System.Array@)">
      <summary>Implements the OnStartupComplete method of the IDTExtensibility2 interface. Receives notification that the host application has completed loading.</summary>
      <param term="custom">Array of parameters that are host application specific.</param>
      <seealso class="IDTExtensibility2"/>
    </member>
    <member name="M:MyAddin4.Connect.OnBeginShutdown(System.Array@)">
      <summary>Implements the OnBeginShutdown method of the IDTExtensibility2 interface. Receives notification that the host application is being unloaded.</summary>
      <param term="custom">Array of parameters that are host application specific.</param>
      <seealso class="IDTExtensibility2"/>
    </member>
    <member name="T:MyAddin4.Properties.Resources">
      <summary>A strongly-typed resource class, for looking up localized strings, etc.</summary>
    </member>
    <member name="P:MyAddin4.Properties.Resources.ResourceManager">
      <summary>Returns the cached ResourceManager instance used by this class.</summary>
    </member>
    <member name="P:MyAddin4.Properties.Resources.Culture">
      <summary>Overrides the current thread's CurrentUICulture property for all
              resource lookups using this strongly typed resource class.</summary>
    </member>
    <member name="P:MyAddin4.Properties.Resources.newdist">
      <summary>Looks up a localized string similar to uyhi546y5ut763456tu5y7t56tb vgfyhtdvg h ytryr46u544t4tr645yh.</summary>
    </member>
  </members>
</doc>
